Feature,FDR
0,5.014051703893094
1,50.22174250218587
2,3.6649731138544115
3,7.5173321088516305
4,11.906958163226292
5,7.387412856417099
6,1.0786377682509352
7,10.113344494237326
8,4.798045938022624
9,1.5647695510250021
