Accuracy,Precision,Recall,F1-score
0.9766666666666667,0.9776075268817206,0.9766666666666666,0.9765893877646011
